id,title,price,url
1,男士休闲长裤 修身直筒 18FMS-K003?,288,../img/goodlist/1.jpg
2,男士休闲长裤 修身直筒 18FMS-K002 ,300,../img/goodlist/2.jpg
3,男士休闲时尚长裤 黑色9903,312,../img/goodlist/3.jpg
4,休闲裤 窄脚赤耳 轻弹 男款 卡其色,324,../img/goodlist/4.jpg
5,加绒保暖弹力休闲裤88252637 男款?,336,../img/goodlist/5.jpg
6,加绒保暖加厚弹力休闲裤88252646 男,348,../img/goodlist/6.jpg
7,加绒保暖弹力休闲裤88252637 男款?,360,../img/goodlist/7.jpg
8,加绒保暖加厚弹力休闲裤88252646 男,372,../img/goodlist/8.jpg
9,加绒保暖弹力休闲裤88252637 男款?,384,../img/goodlist/9.jpg
10,男士休闲时尚长裤 黑色9904,396,../img/goodlist/10.jpg
11,男士休闲长裤 修身直筒 18FMS-K003?,408,../img/goodlist/1.jpg
12,男士休闲长裤 修身直筒 18FMS-K002 ,420,../img/goodlist/2.jpg
13,男士休闲时尚长裤 黑色9903,432,../img/goodlist/3.jpg
14,休闲裤 窄脚赤耳 轻弹 男款 卡其色,444,../img/goodlist/4.jpg
15,加绒保暖弹力休闲裤88252637 男款?,456,../img/goodlist/5.jpg
16,加绒保暖加厚弹力休闲裤88252646 男,468,../img/goodlist/6.jpg
17,加绒保暖弹力休闲裤88252637 男款?,480,../img/goodlist/7.jpg
18,加绒保暖加厚弹力休闲裤88252646 男,492,../img/goodlist/8.jpg
19,加绒保暖弹力休闲裤88252637 男款?,504,../img/goodlist/9.jpg
20,男士休闲时尚长裤 黑色9904,516,../img/goodlist/10.jpg
21,男士休闲长裤 修身直筒 18FMS-K003?,528,../img/goodlist/1.jpg
22,男士休闲长裤 修身直筒 18FMS-K002 ,540,../img/goodlist/2.jpg
23,男士休闲时尚长裤 黑色9903,552,../img/goodlist/3.jpg
24,休闲裤 窄脚赤耳 轻弹 男款 卡其色,564,../img/goodlist/4.jpg
25,加绒保暖弹力休闲裤88252637 男款?,576,../img/goodlist/5.jpg
26,加绒保暖加厚弹力休闲裤88252646 男,588,../img/goodlist/6.jpg
27,加绒保暖弹力休闲裤88252637 男款?,600,../img/goodlist/7.jpg
28,加绒保暖加厚弹力休闲裤88252646 男,612,../img/goodlist/8.jpg
29,加绒保暖弹力休闲裤88252637 男款?,624,../img/goodlist/9.jpg
30,男士休闲时尚长裤 黑色9904,636,../img/goodlist/10.jpg
31,男士休闲长裤 修身直筒 18FMS-K003?,648,../img/goodlist/1.jpg
32,男士休闲长裤 修身直筒 18FMS-K002 ,660,../img/goodlist/2.jpg
33,男士休闲时尚长裤 黑色9903,672,../img/goodlist/3.jpg
34,休闲裤 窄脚赤耳 轻弹 男款 卡其色,684,../img/goodlist/4.jpg
35,加绒保暖弹力休闲裤88252637 男款?,696,../img/goodlist/5.jpg
36,加绒保暖加厚弹力休闲裤88252646 男,708,../img/goodlist/6.jpg
37,加绒保暖弹力休闲裤88252637 男款?,720,../img/goodlist/7.jpg
38,加绒保暖加厚弹力休闲裤88252646 男,732,../img/goodlist/8.jpg
39,加绒保暖弹力休闲裤88252637 男款?,744,../img/goodlist/9.jpg
40,男士休闲时尚长裤 黑色9904,756,../img/goodlist/10.jpg
41,休闲裤 窄脚赤耳 轻弹 男款 卡其色,768,../img/goodlist/1.jpg
